{
  "IcoMoonType": "selection",
  "icons": [
    {
      "icon": {
        "paths": [
          "M21.375 961.728v-85.338h1365.332v85.338h-1365.332zM21.375 554.686v-85.334h1365.332v85.334h-1365.332zM21.375 147.646v-85.334h1365.332v85.334h-1365.332z"
        ],
        "attrs": [
          {}
        ],
        "width": 1408,
        "isMulticolor": false,
        "isMulticolor2": false,
        "grid": 0,
        "tags": [
          "Vector"
        ]
      },
      "attrs": [
        {}
      ],
      "properties": {
        "order": 62,
        "id": 0,
        "name": "burger-mobile",
        "prevSize": 32
      },
      "setIdx": 0,
      "setId": 10,
      "iconIdx": 0
    },
    {
      "icon": {
        "paths": [
          "M768 256l-512 512",
          "M256 256l512 512"
        ],
        "attrs": [
          {
            "fill": "none",
            "strokeLinejoin": "round",
            "strokeLinecap": "round",
            "strokeMiterlimit": "4",
            "strokeWidth": 64
          },
          {
            "fill": "none",
            "strokeLinejoin": "round",
            "strokeLinecap": "round",
            "strokeMiterlimit": "4",
            "strokeWidth": 64
          }
        ],
        "isMulticolor": false,
        "isMulticolor2": false,
        "grid": 0,
        "tags": [
          "x"
        ],
        "colorPermutations": {
          "112112112111761041": [
            {
              "s": 0
            },
            {
              "s": 0
            }
          ]
        }
      },
      "attrs": [
        {
          "fill": "none",
          "strokeLinejoin": "round",
          "strokeLinecap": "round",
          "strokeMiterlimit": "4",
          "strokeWidth": 64
        },
        {
          "fill": "none",
          "strokeLinejoin": "round",
          "strokeLinecap": "round",
          "strokeMiterlimit": "4",
          "strokeWidth": 64
        }
      ],
      "properties": {
        "order": 64,
        "id": 16,
        "name": "close-button",
        "prevSize": 32
      },
      "setIdx": 1,
      "setId": 9,
      "iconIdx": 0
    },
    {
      "icon": {
        "paths": [
          "M853.333 896c0-59.546 0-89.314-7.347-113.54-16.546-54.545-59.234-97.233-113.779-113.779-24.226-7.347-53.995-7.347-113.54-7.347h-213.333c-59.544 0-89.316 0-113.542 7.347-54.545 16.546-97.23 59.234-113.776 113.779-7.349 24.226-7.349 53.995-7.349 113.54",
          "M512 512c106.039 0 192-85.961 192-192s-85.961-192-192-192c-106.039 0-192 85.961-192 192s85.961 192 192 192z"
        ],
        "attrs": [
          {
            "fill": "none",
            "strokeLinejoin": "round",
            "strokeLinecap": "round",
            "strokeMiterlimit": "4",
            "strokeWidth": 85.33333333333333
          },
          {
            "fill": "none",
            "strokeLinejoin": "round",
            "strokeLinecap": "round",
            "strokeMiterlimit": "4",
            "strokeWidth": 85.33333333333333
          }
        ],
        "isMulticolor": false,
        "isMulticolor2": false,
        "grid": 0,
        "tags": [
          "user-01"
        ],
        "colorPermutations": {}
      },
      "attrs": [
        {
          "fill": "none",
          "strokeLinejoin": "round",
          "strokeLinecap": "round",
          "strokeMiterlimit": "4",
          "strokeWidth": 85.33333333333333
        },
        {
          "fill": "none",
          "strokeLinejoin": "round",
          "strokeLinecap": "round",
          "strokeMiterlimit": "4",
          "strokeWidth": 85.33333333333333
        }
      ],
      "properties": {
        "order": 65,
        "id": 15,
        "name": "user",
        "prevSize": 32
      },
      "setIdx": 1,
      "setId": 9,
      "iconIdx": 1
    },
    {
      "icon": {
        "paths": [
          "M300.407 370.913c-2.053-13.233-3.118-26.786-3.118-40.59 0-145.946 119.089-264.258 265.997-264.258 146.904 0 265.996 118.312 265.996 264.258 0 32.969-6.075 64.529-17.177 93.63-2.306 6.045-3.462 9.067-3.984 11.426-0.519 2.339-0.72 3.984-0.776 6.379-0.056 2.415 0.271 5.077 0.928 10.399l13.295 108.022c1.44 11.693 2.16 17.54 0.215 21.791-1.704 3.726-4.73 6.682-8.493 8.301-4.294 1.847-10.124 0.991-21.781-0.717l-105.214-15.423c-5.497-0.806-8.242-1.209-10.745-1.192-2.474 0.013-4.185 0.195-6.61 0.704-2.448 0.515-5.576 1.688-11.829 4.030-29.177 10.93-60.799 16.909-93.825 16.909-13.814 0-27.38-1.047-40.626-3.062M351.186 726.71c97.937 0 177.33-81.339 177.33-181.677s-79.393-181.677-177.33-181.677c-97.938 0-177.332 81.339-177.332 181.677 0 20.169 3.208 39.569 9.13 57.697 2.503 7.663 3.755 11.495 4.166 14.111 0.429 2.735 0.504 4.268 0.344 7.029-0.153 2.646-0.815 5.635-2.139 11.614l-20.194 91.225 98.925-13.51c5.4-0.737 8.1-1.107 10.457-1.090 2.482 0.017 3.8 0.152 6.235 0.638 2.312 0.459 5.749 1.671 12.624 4.099 18.112 6.392 37.552 9.863 57.784 9.863z"
        ],
        "attrs": [
          {
            "fill": "none",
            "strokeLinejoin": "round",
            "strokeLinecap": "round",
            "strokeMiterlimit": "4",
            "strokeWidth": 66.06451612903226
          }
        ],
        "isMulticolor": false,
        "isMulticolor2": false,
        "grid": 0,
        "tags": [
          "message-chat-circle"
        ],
        "colorPermutations": {}
      },
      "attrs": [
        {
          "fill": "none",
          "strokeLinejoin": "round",
          "strokeLinecap": "round",
          "strokeMiterlimit": "4",
          "strokeWidth": 66.06451612903226
        }
      ],
      "properties": {
        "order": 66,
        "id": 14,
        "name": "message",
        "prevSize": 32
      },
      "setIdx": 1,
      "setId": 9,
      "iconIdx": 2
    },
    {
      "icon": {
        "paths": [
          "M640 448c0 33.946-13.487 66.505-37.491 90.509s-56.563 37.491-90.509 37.491c-33.946 0-66.505-13.487-90.51-37.491s-37.49-56.563-37.49-90.509c0-33.948 13.486-66.505 37.49-90.51s56.564-37.49 90.51-37.49c33.946 0 66.505 13.486 90.509 37.49s37.491 56.562 37.491 90.51v0z",
          "M832 448c0 304.725-320 480-320 480s-320-175.275-320-480c0-84.869 33.714-166.263 93.726-226.274s141.406-93.726 226.274-93.726c84.868 0 166.263 33.714 226.274 93.726s93.726 141.405 93.726 226.274v0z"
        ],
        "attrs": [
          {
            "fill": "none",
            "strokeLinejoin": "round",
            "strokeLinecap": "round",
            "strokeMiterlimit": "4",
            "strokeWidth": 42.666666666666664
          },
          {
            "fill": "none",
            "strokeLinejoin": "round",
            "strokeLinecap": "round",
            "strokeMiterlimit": "4",
            "strokeWidth": 42.666666666666664
          }
        ],
        "isMulticolor": false,
        "isMulticolor2": false,
        "grid": 0,
        "tags": [
          "icon(3)"
        ],
        "colorPermutations": {}
      },
      "attrs": [
        {
          "fill": "none",
          "strokeLinejoin": "round",
          "strokeLinecap": "round",
          "strokeMiterlimit": "4",
          "strokeWidth": 42.666666666666664
        },
        {
          "fill": "none",
          "strokeLinejoin": "round",
          "strokeLinecap": "round",
          "strokeMiterlimit": "4",
          "strokeWidth": 42.666666666666664
        }
      ],
      "properties": {
        "order": 67,
        "id": 12,
        "name": "location",
        "prevSize": 32
      },
      "setIdx": 1,
      "setId": 9,
      "iconIdx": 4
    },
    {
      "icon": {
        "paths": [
          "M928 288v448c0 25.459-10.116 49.877-28.117 67.883-18.005 18.001-42.423 28.117-67.883 28.117h-640c-25.461 0-49.879-10.116-67.882-28.117-18.004-18.005-28.118-42.423-28.118-67.883v-448M928 288c0-25.461-10.116-49.879-28.117-67.882-18.005-18.004-42.423-28.118-67.883-28.118h-640c-25.461 0-49.879 10.114-67.882 28.118s-28.118 42.421-28.118 67.882M928 288v10.368c0 16.39-4.194 32.508-12.186 46.818s-19.511 26.336-33.468 34.931l-320 196.907c-15.138 9.323-32.567 14.259-50.347 14.259s-35.209-4.937-50.347-14.259l-320-196.864c-13.955-8.596-25.478-20.621-33.469-34.931s-12.186-30.428-12.184-46.818v-10.411"
        ],
        "attrs": [
          {
            "fill": "none",
            "strokeLinejoin": "round",
            "strokeLinecap": "round",
            "strokeMiterlimit": "4",
            "strokeWidth": 42.666666666666664
          }
        ],
        "isMulticolor": false,
        "isMulticolor2": false,
        "grid": 0,
        "tags": [
          "icon(2)"
        ],
        "colorPermutations": {}
      },
      "attrs": [
        {
          "fill": "none",
          "strokeLinejoin": "round",
          "strokeLinecap": "round",
          "strokeMiterlimit": "4",
          "strokeWidth": 42.666666666666664
        }
      ],
      "properties": {
        "order": 68,
        "id": 11,
        "name": "email",
        "prevSize": 32
      },
      "setIdx": 1,
      "setId": 9,
      "iconIdx": 5
    },
    {
      "icon": {
        "paths": [
          "M96 288c0 353.451 286.549 640 640 640h96c25.459 0 49.877-10.116 67.883-28.117 18.001-18.005 28.117-42.423 28.117-67.883v-58.539c0-22.016-14.976-41.216-36.352-46.549l-188.715-47.189c-18.773-4.693-38.485 2.347-50.048 17.792l-41.387 55.168c-12.032 16.043-32.811 23.125-51.627 16.213-69.85-25.681-133.284-66.236-185.908-118.861s-93.18-116.058-118.86-185.907c-6.912-18.816 0.171-39.595 16.213-51.627l55.168-41.387c15.488-11.563 22.485-31.317 17.792-50.048l-47.189-188.715c-2.597-10.381-8.588-19.597-17.022-26.183s-18.827-10.166-29.527-10.169h-58.539c-25.461 0-49.879 10.114-67.882 28.118s-28.118 42.421-28.118 67.882v96z"
        ],
        "attrs": [
          {
            "fill": "none",
            "strokeLinejoin": "round",
            "strokeLinecap": "round",
            "strokeMiterlimit": "4",
            "strokeWidth": 42.666666666666664
          }
        ],
        "isMulticolor": false,
        "isMulticolor2": false,
        "grid": 0,
        "tags": [
          "icon(1)"
        ],
        "colorPermutations": {}
      },
      "attrs": [
        {
          "fill": "none",
          "strokeLinejoin": "round",
          "strokeLinecap": "round",
          "strokeMiterlimit": "4",
          "strokeWidth": 42.666666666666664
        }
      ],
      "properties": {
        "order": 69,
        "id": 10,
        "name": "phone",
        "prevSize": 32
      },
      "setIdx": 1,
      "setId": 9,
      "iconIdx": 6
    },
    {
      "icon": {
        "paths": [
          "M202.667 821.333l618.667-618.667M821.333 202.667h-576M821.333 202.667v576"
        ],
        "attrs": [
          {
            "fill": "none",
            "strokeLinejoin": "round",
            "strokeLinecap": "round",
            "strokeMiterlimit": "4",
            "strokeWidth": 85.33333333333333
          }
        ],
        "isMulticolor": false,
        "isMulticolor2": false,
        "grid": 0,
        "tags": [
          "icon"
        ],
        "colorPermutations": {}
      },
      "attrs": [
        {
          "fill": "none",
          "strokeLinejoin": "round",
          "strokeLinecap": "round",
          "strokeMiterlimit": "4",
          "strokeWidth": 85.33333333333333
        }
      ],
      "properties": {
        "order": 70,
        "id": 9,
        "name": "icon",
        "prevSize": 32
      },
      "setIdx": 1,
      "setId": 9,
      "iconIdx": 7
    },
    {
      "icon": {
        "paths": [
          "M774.938 85.333h-525.873c-19.733 0-35.731 15.997-35.731 35.731 0 113.717 45.174 222.776 125.584 303.186l52.019 52.020c5.166 5.163 7.749 7.748 9.597 10.227 11.28 15.13 11.28 35.874 0 51.004-1.849 2.479-4.432 5.065-9.597 10.227l-52.019 52.019c-80.41 80.41-125.584 189.47-125.584 303.189 0 19.733 15.997 35.729 35.731 35.729h525.873c19.733 0 35.729-15.996 35.729-35.729 0-113.719-45.175-222.78-125.585-303.189l-52.019-52.019c-5.163-5.163-7.748-7.748-9.596-10.227-11.281-15.13-11.281-35.874 0-51.004 1.847-2.479 4.433-5.065 9.596-10.227l52.019-52.020c80.41-80.41 125.585-189.469 125.585-303.186 0-19.733-15.996-35.731-35.729-35.731z"
        ],
        "attrs": [
          {
            "fill": "none",
            "strokeLinejoin": "round",
            "strokeLinecap": "round",
            "strokeMiterlimit": "4",
            "strokeWidth": 85.33333333333333
          }
        ],
        "isMulticolor": false,
        "isMulticolor2": false,
        "grid": 0,
        "tags": [
          "hourglass-02"
        ],
        "colorPermutations": {}
      },
      "attrs": [
        {
          "fill": "none",
          "strokeLinejoin": "round",
          "strokeLinecap": "round",
          "strokeMiterlimit": "4",
          "strokeWidth": 85.33333333333333
        }
      ],
      "properties": {
        "order": 71,
        "id": 8,
        "name": "hourglass",
        "prevSize": 32
      },
      "setIdx": 1,
      "setId": 9,
      "iconIdx": 8
    },
    {
      "icon": {
        "paths": [
          "M597.333 341.333l-170.667 0c-47.128 0-85.333 38.205-85.333 85.333l0 170.667c0 47.128 38.205 85.333 85.333 85.333l170.667-0c47.128-0 85.333-38.205 85.333-85.333l-0-170.667c-0-47.128-38.205-85.333-85.333-85.333z"
        ],
        "attrs": [],
        "isMulticolor": false,
        "isMulticolor2": false,
        "grid": 0,
        "tags": [
          "dot"
        ],
        "colorPermutations": {}
      },
      "attrs": [],
      "properties": {
        "order": 73,
        "id": 6,
        "name": "dot",
        "prevSize": 32
      },
      "setIdx": 1,
      "setId": 9,
      "iconIdx": 10
    },
    {
      "icon": {
        "paths": [
          "M545.186 640.017l-161.186-161.182",
          "M85.333 938.633c85.333 0 196.608 14.579 254.927-43.738 58.318-58.321 58.318-152.87 0-211.191-58.319-58.317-152.871-58.317-211.189 0-58.318 58.321 0 169.596-43.738 254.929z",
          "M341.331 682.633c-20.967-20.966-31.45-31.45-37.378-42.428-14.213-26.33-13.601-58.176 1.614-83.934 6.345-10.743 17.223-20.817 38.981-40.964l421.037-389.848c37.086-34.338 94.677-33.231 130.411 2.507 35.738 35.737 36.847 93.328 2.509 130.412l-389.85 421.037c-20.147 21.756-30.217 32.636-40.96 38.98-25.762 15.215-57.609 15.825-83.935 1.613-10.979-5.926-21.462-16.41-42.429-37.376z"
        ],
        "attrs": [
          {
            "fill": "none",
            "strokeLinejoin": "round",
            "strokeLinecap": "round",
            "strokeMiterlimit": "4",
            "strokeWidth": 85.33333333333333
          },
          {
            "fill": "none",
            "strokeLinejoin": "round",
            "strokeLinecap": "round",
            "strokeMiterlimit": "4",
            "strokeWidth": 85.33333333333333
          },
          {
            "fill": "none",
            "strokeLinejoin": "round",
            "strokeLinecap": "round",
            "strokeMiterlimit": "4",
            "strokeWidth": 85.33333333333333
          }
        ],
        "isMulticolor": false,
        "isMulticolor2": false,
        "grid": 0,
        "tags": [
          "brush-01"
        ],
        "colorPermutations": {}
      },
      "attrs": [
        {
          "fill": "none",
          "strokeLinejoin": "round",
          "strokeLinecap": "round",
          "strokeMiterlimit": "4",
          "strokeWidth": 85.33333333333333
        },
        {
          "fill": "none",
          "strokeLinejoin": "round",
          "strokeLinecap": "round",
          "strokeMiterlimit": "4",
          "strokeWidth": 85.33333333333333
        },
        {
          "fill": "none",
          "strokeLinejoin": "round",
          "strokeLinecap": "round",
          "strokeMiterlimit": "4",
          "strokeWidth": 85.33333333333333
        }
      ],
      "properties": {
        "order": 74,
        "id": 5,
        "name": "brush",
        "prevSize": 32
      },
      "setIdx": 1,
      "setId": 9,
      "iconIdx": 11
    },
    {
      "icon": {
        "paths": [
          "M170.667 512h682.667",
          "M597.333 256l256 256-256 256"
        ],
        "attrs": [
          {
            "fill": "none",
            "strokeLinejoin": "round",
            "strokeLinecap": "round",
            "strokeMiterlimit": "4",
            "strokeWidth": 85.33333333333333
          },
          {
            "fill": "none",
            "strokeLinejoin": "round",
            "strokeLinecap": "round",
            "strokeMiterlimit": "4",
            "strokeWidth": 85.33333333333333
          }
        ],
        "isMulticolor": false,
        "isMulticolor2": false,
        "grid": 0,
        "tags": [
          "arrow-narrow-right"
        ],
        "colorPermutations": {
          "112112112111761041": [
            {
              "s": 0
            },
            {
              "s": 0
            }
          ]
        }
      },
      "attrs": [
        {
          "fill": "none",
          "strokeLinejoin": "round",
          "strokeLinecap": "round",
          "strokeMiterlimit": "4",
          "strokeWidth": 85.33333333333333
        },
        {
          "fill": "none",
          "strokeLinejoin": "round",
          "strokeLinecap": "round",
          "strokeMiterlimit": "4",
          "strokeWidth": 85.33333333333333
        }
      ],
      "properties": {
        "order": 75,
        "id": 4,
        "name": "arrow-narrow-right",
        "prevSize": 32
      },
      "setIdx": 1,
      "setId": 9,
      "iconIdx": 12
    },
    {
      "icon": {
        "paths": [
          "M99.556 924.444l824.889-824.889M924.444 99.556h-768M924.444 99.556v768"
        ],
        "attrs": [
          {
            "fill": "none",
            "strokeLinejoin": "round",
            "strokeLinecap": "round",
            "strokeMiterlimit": "4",
            "strokeWidth": 113.77777777777777
          }
        ],
        "isMulticolor": false,
        "isMulticolor2": false,
        "grid": 0,
        "tags": [
          "Vector 24"
        ],
        "colorPermutations": {}
      },
      "attrs": [
        {
          "fill": "none",
          "strokeLinejoin": "round",
          "strokeLinecap": "round",
          "strokeMiterlimit": "4",
          "strokeWidth": 113.77777777777777
        }
      ],
      "properties": {
        "order": 76,
        "id": 3,
        "name": "Vector-24",
        "prevSize": 32
      },
      "setIdx": 1,
      "setId": 9,
      "iconIdx": 13
    },
    {
      "icon": {
        "paths": [
          "M768 384l-256 256-256-256"
        ],
        "attrs": [
          {
            "fill": "none",
            "strokeLinejoin": "miter",
            "strokeLinecap": "round",
            "strokeMiterlimit": "4",
            "strokeWidth": 85.33333333333333
          }
        ],
        "isMulticolor": false,
        "isMulticolor2": false,
        "grid": 0,
        "tags": [
          "Icon"
        ],
        "colorPermutations": {
          "112112112111761041": [
            {
              "s": 0
            }
          ]
        }
      },
      "attrs": [
        {
          "fill": "none",
          "strokeLinejoin": "miter",
          "strokeLinecap": "round",
          "strokeMiterlimit": "4",
          "strokeWidth": 85.33333333333333
        }
      ],
      "properties": {
        "order": 77,
        "id": 2,
        "name": "arrow-down",
        "prevSize": 32
      },
      "setIdx": 1,
      "setId": 9,
      "iconIdx": 14
    },
    {
      "icon": {
        "paths": [
          "M34.133 477.867c-18.851 0-34.133 15.282-34.133 34.133s15.282 34.133 34.133 34.133v-68.267zM1014.002 536.136c13.329-13.33 13.329-34.942 0-48.272l-217.225-217.223c-13.329-13.33-34.939-13.33-48.271 0-13.329 13.33-13.329 34.942 0 48.272l193.089 193.087-193.089 193.089c-13.329 13.329-13.329 34.939 0 48.271 13.332 13.329 34.942 13.329 48.271 0l217.225-217.225zM34.133 546.133h955.733v-68.267h-955.733v68.267z"
        ],
        "attrs": [],
        "isMulticolor": false,
        "isMulticolor2": false,
        "grid": 0,
        "tags": [
          "Arrow 1"
        ],
        "colorPermutations": {}
      },
      "attrs": [],
      "properties": {
        "order": 79,
        "id": 0,
        "name": "Arrow-right",
        "prevSize": 32
      },
      "setIdx": 1,
      "setId": 9,
      "iconIdx": 16
    }
  ],
  "height": 1024,
  "preferences": {
    "showGlyphs": false,
    "showQuickUse": true,
    "showQuickUse2": true,
    "showSVGs": true,
    "fontPref": {
      "prefix": "icon-",
      "metadata": {
        "fontFamily": "icomoon"
      },
      "metrics": {
        "emSize": 1024,
        "baseline": 6.25,
        "whitespace": 50
      },
      "embed": false
    },
    "imagePref": {
      "prefix": "icon-",
      "png": true,
      "useClassSelector": true,
      "color": 0,
      "bgColor": 16777215,
      "classSelector": ".icon",
      "name": "icomoon",
      "height": 32,
      "columns": 16,
      "margin": 16
    },
    "historySize": 50,
    "showCodes": true,
    "gridSize": 16
  }
}